id,studentId,firstName,lastName,dob,userGender,username
3,19125002,Cuong,Nguyen,14/05/2001,Male,19125002
5,19125002,Cuong,Nguyen,14052001,Male,19125002
7,,Hung,Nguyen,18102001,male,yauangon
8,19125064,phat,tu,10-01-2001,male,19125064
9,,loc,truong,01-01-1990,male,tploc
10,,yauangon,nguyen,18102001,male,all
12,,Hung,hung,181545,male,hunghung
13,19125000,Linh,Hoang Chi ,06/08/1998,Female,19125000
14,19125001,Tin,Nguyen Khanh ,20/12/1997,Female,19125001
15,19125002,Thanh,Nguyen Tan ,22/10/1997,Female,19125002
16,19125003,Xen,Cao Thi ,27/08/1997,Male,19125003
17,19125004,Anh,Vu Nguyen Kim ,07/07/1996,Male,19125004
18,19125005,Liem,Le Nho ,29/12/1996,Male,19125005
19,19125006,Thoa,Vo Thi ,02/07/1996,Female,19125006
20,19125007,Thuan,Phan Van ,28/02/1998,Female,19125007
21,19125008,An,Phan Pham Tri ,09/02/1998,Male,19125008
22,19125009,Chung,Chiu Van ,10/02/1996,Male,19125009
23,19125010,Tan,Nguyen Duy ,22/11/1997,Male,19125010
24,19125011,Kha,Vo Hoang ,09/01/1998,Female,19125011
25,19125012,Phi,Pham Thi Yen ,01/01/1997,Male,19125012
26,19125013,Thanh,Vu Van ,26/08/1998,Female,19125013
27,19125014,Toan,Ngo Van Sinh ,21/10/1997,Male,19125014
28,19125015,Tai,Chau Le ,16/02/1996,Female,19125015
29,19125016,Hieu,Mai Xuan ,06/10/1997,Male,19125016
30,19125017,Truc,Tran Thanh ,28/08/1998,Female,19125017
31,19125018,Vy,Vo Thuy ,14/07/1997,Female,19125018
32,19125019,Anh,Do Ngoc Lan ,08/01/1998,Male,19125019
33,19125020,Phong,Duong Van ,22/02/1998,Male,19125020
34,19125021,Phuong,Nguyen Thu ,07/09/1996,Female,19125021
35,19125022,Trung,Vo Thanh ,28/11/1996,Male,19125022
36,19125023,Anh,Nguyen My ,18/02/1996,Male,19125023
37,19125024,Anh,Nguyen Thi Tram ,11/02/1996,Female,19125024
38,19125025,Diep,Tran Thi Ngoc ,23/01/1998,Female,19125025
39,19125026,Linh,Pham My ,03/10/1996,Male,19125026
40,19125027,My,Nguyen Thi Nhu ,11/03/1998,Male,19125027
41,19125028,Nhien,Nguyen Thi Hong ,22/08/1996,Female,19125028
42,19125029,Phi,Pham Phuong ,18/06/1997,Male,19125029
43,19125030,Thao,Tran Thi Thu ,30/08/1998,Female,19125030
44,19125031,Thuy,Nguyen Thi Bich ,07/02/1998,Female,19125031
45,19125032,Tien,Huynh Thi Thuy ,10/04/1996,Male,19125032
46,19125033,Xuan,Truong Thi ,24/08/1997,Male,19125033
47,19125034,Dat,Nguyen Ngoc ,04/06/1996,Male,19125034
48,19125035,Nhan,Le Thi ,21/08/1996,Male,19125035
49,19125036,Tien,Dinh Hoai My ,27/01/1998,Female,19125036
50,19125037,Vinh,Ngo Hoang ,25/10/1997,Male,19125037
51,19125038,Vinh,Nguyen Tu Than ,07/07/1998,Male,19125038
52,19125039,Trinh,Huynh Thi My ,15/02/1998,Male,19125039
53,19125040,Nhu,Nguyen Thi Quynh ,13/02/1996,Female,19125040
54,19125041,Yen,Dinh Thi Hai ,24/04/1997,Male,19125041
55,19125042,Rieu,Kieu Thi Hong ,21/06/1998,Male,19125042
56,19125043,Thuyen,Vi Thi ,14/07/1996,Male,19125043
57,19125044,Bao,Do Trieu ,31/03/1996,Male,19125044
58,19125045,Binh,Do Long ,30/07/1998,Male,19125045
59,19125046,Duc,Nguyen Tat ,11/03/1996,Male,19125046
60,19125047,Thao,Bui Thi Huong ,16/05/1996,Male,19125047
61,19125048,Tinh,Nguyen Trung ,10/10/1996,Female,19125048
62,19125049,Trang,Nguyen Thi ,16/12/1997,Female,19125049
63,19125050,Vy,Vu Thi Huyen ,24/02/1996,Male,19125050
64,19125051,Trong,Pham Duc ,27/07/1997,Female,19125051
65,19125052,Binh,Thai Thanh ,23/03/1996,Female,19125052
66,19125053,Duong,Tran Van ,19/06/1998,Male,19125053
67,19125054,Tung,Le Thanh ,17/09/1996,Male,19125054
68,19125055,Tay,Doan Ngoc ,12/06/1996,Female,19125055
69,19125056,anh,Tran Thi Ngoc ,10/02/1996,Female,19125056
70,19125057,Han,Nguyen Thi Ngoc ,17/03/1996,Male,19125057
71,19125058,Hoc,Phi Dang ,24/07/1996,Male,19125058
72,19125059,Thang,Vo Minh ,13/01/1996,Male,19125059
73,19125060,Trung,Le Quoc ,17/10/1998,Male,19125060
74,19125061,Linh,Trinh Xuan ,19/09/1997,Female,19125061
75,19125062,Diem,Phan Thi Ngoc ,04/03/1998,Male,19125062
76,19125063,DIEP,CAO NGOC ,23/07/1996,Female,19125063
77,19125064,HAO,NGUYEN THI MY ,22/01/1997,Female,19125064
78,19125065,KHIEM,DANG TRONG ,23/03/1998,Female,19125065
79,19125066,LY,TRAN MAI KHANH ,11/04/1998,Male,19125066
80,19125067,MAI,TRAN NGUYEN XUAN ,05/09/1998,Male,19125067
81,19125068,QUYEN,BUI THI THUY ,30/08/1998,Female,19125068
82,19125069,QUYEN,NGUYEN THI BICH ,05/02/1998,Male,19125069
83,19125070,THAO,LE THANH ,04/08/1997,Female,19125070
84,19125071,THUY,HOANG NGOC DOAN ,10/10/1998,Female,19125071
85,19125072,TINH,DOAN CAO HUU ,19/08/1997,Female,19125072
86,19125073,VUONG,DAM XUAN ,15/06/1998,Male,19125073
87,19125074,DANH,NGUYEN DAC THANH ,16/10/1997,Male,19125074
88,19125075,DUC,CHU MINH ,28/07/1998,Male,19125075
89,19125076,HAI,NGUYEN THI NGOC ,24/10/1996,Male,19125076
90,19125077,KHANG,VUONG TRONG ,06/10/1997,Male,19125077
91,19125078,LAM,TRAN BAO ,04/06/1997,Female,19125078
92,19125079,LUAN,NGO MINH ,01/06/1998,Female,19125079
93,19125080,NGHI,LE HUU ,30/09/1997,Male,19125080
94,19125081,THOAI,HUYNH TRONG ,20/01/1996,Male,19125081
95,19125082,TUAN,LE BAO ,13/04/1998,Female,19125082
96,19125083,DIEU,THAI THI XUAN ,23/09/1996,Female,19125083
97,19125084,THUONG,TIEU TIEU ,15/09/1996,Male,19125084
98,19125085,ANH,LE THI LAN ,05/10/1998,Male,19125085
99,19125086,MINH,PHAM DANG ,03/03/1997,Male,19125086
100,19125087,OANH,NGUYEN THI MY ,10/11/1997,Male,19125087
101,19125088,PHUONG,NGUYEN THI BAO ,05/10/1998,Male,19125088
102,19125089,SANG,NGUYEN TAN ,10/03/1996,Female,19125089
103,19125090,TRINH,HO NGOC TU ,15/10/1998,Female,19125090
104,19125091,TRUNG,NGUYEN MINH ,15/02/1996,Male,19125091
105,19125092,VIET,BUI QUOC ,07/11/1997,Male,19125092
106,19125093,CUC,NGUYEN THI ,30/10/1996,Male,19125093
107,19125094,HA,NGUYEN TRUONG NU ,20/09/1996,Female,19125094
108,19125095,LINH,TRAN HUYNH TRUC ,08/08/1997,Male,19125095
109,19125096,NHUNG,NGUYEN THI HONG ,29/01/1996,Male,19125096
110,19125097,TAI,VAN HUU ,24/07/1998,Female,19125097
111,19125098,THANH,PHAN NHUT ,05/07/1996,Female,19125098
112,19125099,THAO,TRAN THI XUAN ,02/01/1997,Male,19125099
